"Molecule ChEMBL ID";"Molecule Name";"Molecule Max Phase";"Molecular Weight";"#RO5 Violations";"AlogP";"Compound Key";"Smiles";"Standard Type";"Standard Relation";"Standard Value";"Standard Units";"pChEMBL Value";"Data Validity Comment";"Comment";"Uo Units";"Ligand Efficiency BEI";"Ligand Efficiency LE";"Ligand Efficiency LLE";"Ligand Efficiency SEI";"Potential Duplicate";"Assay ChEMBL ID";"Assay Description";"Assay Type";"BAO Format ID";"BAO Label";"Assay Organism";"Assay Tissue ChEMBL ID";"Assay Tissue Name";"Assay Cell Type";"Assay Subcellular Fraction";"Assay Parameters";"Assay Variant Accession";"Assay Variant Mutation";"Target ChEMBL ID";"Target Name";"Target Organism";"Target Type";"Document ChEMBL ID";"Source ID";"Source Description";"Document Journal";"Document Year";"Cell ChEMBL ID";"Properties"
"CHEMBL386051";"";"0";"443.36";"1";"5.77";"PD-173955";"CSc1cccc(Nc2ncc3cc(-c4c(Cl)cccc4Cl)c(=O)n(C)c3n2)c1";"Kd";"'>'";"10000.0";"nM";"";"";"";"UO_0000065";"";"";"";"";"False";"CHEMBL1908668";"Binding constant for DAPK1 kinase domain";"B";"BAO_0000357";"single protein format";"None";"None";"None";"None";"None";"";"";"";"CHEMBL2558";"Death-associated protein kinase 1";"Homo sapiens";"SINGLE PROTEIN";"CHEMBL1908390";"1";"Scientific Literature";"Nat. Biotechnol.";"2011";"None";""
"CHEMBL377300";"BRIVANIB";"3";"370.38";"0";"3.52";"BMS-540215";"Cc1cc2c(F)c(Oc3ncnn4cc(OC[C@@H](C)O)c(C)c34)ccc2[nH]1";"Kd";"'>'";"10000.0";"nM";"";"";"";"UO_0000065";"";"";"";"";"False";"CHEMBL1908668";"Binding constant for DAPK1 kinase domain";"B";"BAO_0000357";"single protein format";"None";"None";"None";"None";"None";"";"";"";"CHEMBL2558";"Death-associated protein kinase 1";"Homo sapiens";"SINGLE PROTEIN";"CHEMBL1908390";"1";"Scientific Literature";"Nat. Biotechnol.";"2011";"None";""
"CHEMBL215152";"AZD-1152-HQPA";"0";"507.57";"1";"3.50";"AZD-1152 HQPA";"CCN(CCO)CCCOc1ccc2c(Nc3cc(CC(=O)Nc4cccc(F)c4)[nH]n3)ncnc2c1";"Kd";"'>'";"10000.0";"nM";"";"";"";"UO_0000065";"";"";"";"";"True";"CHEMBL1044652";"Binding constant for DAPK1 kinase domain";"B";"BAO_0000357";"single protein format";"Homo sapiens";"None";"None";"None";"None";"";"";"";"CHEMBL2558";"Death-associated protein kinase 1";"Homo sapiens";"SINGLE PROTEIN";"CHEMBL1150977";"1";"Scientific Literature";"Nat. Biotechnol.";"2008";"None";""
"CHEMBL103667";"DORAMAPIMOD";"2";"527.67";"2";"5.99";"BIRB-796";"Cc1ccc(-n2nc(C(C)(C)C)cc2NC(=O)Nc2ccc(OCCN3CCOCC3)c3ccccc23)cc1";"Kd";"'>'";"10000.0";"nM";"";"";"";"UO_0000065";"";"";"";"";"True";"CHEMBL1044652";"Binding constant for DAPK1 kinase domain";"B";"BAO_0000357";"single protein format";"Homo sapiens";"None";"None";"None";"None";"";"";"";"CHEMBL2558";"Death-associated protein kinase 1";"Homo sapiens";"SINGLE PROTEIN";"CHEMBL1150977";"1";"Scientific Literature";"Nat. Biotechnol.";"2008";"None";""
"CHEMBL558752";"RAF-265";"2";"518.42";"2";"6.93";"CHIR-265/RAF-265";"Cn1c(Nc2ccc(C(F)(F)F)cc2)nc2cc(Oc3ccnc(-c4ncc(C(F)(F)F)[nH]4)c3)ccc21";"Kd";"'>'";"10000.0";"nM";"";"";"";"UO_0000065";"";"";"";"";"True";"CHEMBL1044652";"Binding constant for DAPK1 kinase domain";"B";"BAO_0000357";"single protein format";"Homo sapiens";"None";"None";"None";"None";"";"";"";"CHEMBL2558";"Death-associated protein kinase 1";"Homo sapiens";"SINGLE PROTEIN";"CHEMBL1150977";"1";"Scientific Literature";"Nat. Biotechnol.";"2008";"None";""
"CHEMBL440084";"SB-431542";"0";"384.40";"0";"3.63";"SB-431542";"NC(=O)c1ccc(-c2nc(-c3ccccn3)c(-c3ccc4c(c3)OCO4)[nH]2)cc1";"Kd";"'>'";"10000.0";"nM";"";"";"";"UO_0000065";"";"";"";"";"False";"CHEMBL1044652";"Binding constant for DAPK1 kinase domain";"B";"BAO_0000357";"single protein format";"Homo sapiens";"None";"None";"None";"None";"";"";"";"CHEMBL2558";"Death-associated protein kinase 1";"Homo sapiens";"SINGLE PROTEIN";"CHEMBL1150977";"1";"Scientific Literature";"Nat. Biotechnol.";"2008";"None";""
"CHEMBL535";"SUNITINIB";"4";"398.48";"0";"3.33";"Sunitinib";"CCN(CC)CCNC(=O)c1c(C)[nH]c(/C=C2\C(=O)Nc3ccc(F)cc32)c1C";"Kd";"'='";"120.0";"nM";"6.92";"";"";"UO_0000065";"17.37";"0.33";"3.59";"8.96";"True";"CHEMBL1044652";"Binding constant for DAPK1 kinase domain";"B";"BAO_0000357";"single protein format";"Homo sapiens";"None";"None";"None";"None";"";"";"";"CHEMBL2558";"Death-associated protein kinase 1";"Homo sapiens";"SINGLE PROTEIN";"CHEMBL1150977";"1";"Scientific Literature";"Nat. Biotechnol.";"2008";"None";""
"CHEMBL261849";"GW632580X";"0";"366.42";"0";"2.83";"GW-2580";"COc1ccc(COc2ccc(Cc3cnc(N)nc3N)cc2OC)cc1";"Kd";"'>'";"10000.0";"nM";"";"";"";"UO_0000065";"";"";"";"";"False";"CHEMBL1908668";"Binding constant for DAPK1 kinase domain";"B";"BAO_0000357";"single protein format";"None";"None";"None";"None";"None";"";"";"";"CHEMBL2558";"Death-associated protein kinase 1";"Homo sapiens";"SINGLE PROTEIN";"CHEMBL1908390";"1";"Scientific Literature";"Nat. Biotechnol.";"2011";"None";""
"CHEMBL522892";"DOVITINIB";"3";"392.44";"0";"2.54";"CHIR-258/TKI-258";"CN1CCN(c2ccc3nc(-c4c(N)c5c(F)cccc5[nH]c4=O)[nH]c3c2)CC1";"Kd";"'>'";"10000.0";"nM";"";"";"";"UO_0000065";"";"";"";"";"False";"CHEMBL1908668";"Binding constant for DAPK1 kinase domain";"B";"BAO_0000357";"single protein format";"None";"None";"None";"None";"None";"";"";"";"CHEMBL2558";"Death-associated protein kinase 1";"Homo sapiens";"SINGLE PROTEIN";"CHEMBL1908390";"1";"Scientific Literature";"Nat. Biotechnol.";"2011";"None";""
"CHEMBL572881";"MOTESANIB";"3";"373.46";"0";"4.04";"AMG-706";"CC1(C)CNc2cc(NC(=O)c3cccnc3NCc3ccncc3)ccc21";"Kd";"'>'";"10000.0";"nM";"";"";"";"UO_0000065";"";"";"";"";"True";"CHEMBL1044652";"Binding constant for DAPK1 kinase domain";"B";"BAO_0000357";"single protein format";"Homo sapiens";"None";"None";"None";"None";"";"";"";"CHEMBL2558";"Death-associated protein kinase 1";"Homo sapiens";"SINGLE PROTEIN";"CHEMBL1150977";"1";"Scientific Literature";"Nat. Biotechnol.";"2008";"None";""
"CHEMBL939";"GEFITINIB";"4";"446.91";"0";"4.28";"Gefitinib";"COc1cc2ncnc(Nc3ccc(F)c(Cl)c3)c2cc1OCCCN1CCOCC1";"Kd";"'>'";"10000.0";"nM";"";"";"";"UO_0000065";"";"";"";"";"True";"CHEMBL1044652";"Binding constant for DAPK1 kinase domain";"B";"BAO_0000357";"single protein format";"Homo sapiens";"None";"None";"None";"None";"";"";"";"CHEMBL2558";"Death-associated protein kinase 1";"Homo sapiens";"SINGLE PROTEIN";"CHEMBL1150977";"1";"Scientific Literature";"Nat. Biotechnol.";"2008";"None";""
"CHEMBL1721885";"SU-014813";"2";"442.49";"0";"1.69";"SU-14813";"Cc1[nH]c(/C=C2\C(=O)Nc3ccc(F)cc32)c(C)c1C(=O)NC[C@H](O)CN1CCOCC1";"Kd";"'='";"270.0";"nM";"6.57";"";"";"UO_0000065";"14.84";"0.28";"4.88";"6.16";"True";"CHEMBL1044652";"Binding constant for DAPK1 kinase domain";"B";"BAO_0000357";"single protein format";"Homo sapiens";"None";"None";"None";"None";"";"";"";"CHEMBL2558";"Death-associated protein kinase 1";"Homo sapiens";"SINGLE PROTEIN";"CHEMBL1150977";"1";"Scientific Literature";"Nat. Biotechnol.";"2008";"None";""
"CHEMBL607707";"PELITINIB";"2";"467.93";"1";"5.10";"EKB-569";"CCOc1cc2ncc(C#N)c(Nc3ccc(F)c(Cl)c3)c2cc1NC(=O)/C=C/CN(C)C";"Kd";"'>'";"10000.0";"nM";"";"";"";"UO_0000065";"";"";"";"";"False";"CHEMBL1044652";"Binding constant for DAPK1 kinase domain";"B";"BAO_0000357";"single protein format";"Homo sapiens";"None";"None";"None";"None";"";"";"";"CHEMBL2558";"Death-associated protein kinase 1";"Homo sapiens";"SINGLE PROTEIN";"CHEMBL1150977";"1";"Scientific Literature";"Nat. Biotechnol.";"2008";"None";""
"CHEMBL103667";"DORAMAPIMOD";"2";"527.67";"2";"5.99";"BIRB-796";"Cc1ccc(-n2nc(C(C)(C)C)cc2NC(=O)Nc2ccc(OCCN3CCOCC3)c3ccccc23)cc1";"Kd";"'>'";"10000.0";"nM";"";"";"";"UO_0000065";"";"";"";"";"False";"CHEMBL1908668";"Binding constant for DAPK1 kinase domain";"B";"BAO_0000357";"single protein format";"None";"None";"None";"None";"None";"";"";"";"CHEMBL2558";"Death-associated protein kinase 1";"Homo sapiens";"SINGLE PROTEIN";"CHEMBL1908390";"1";"Scientific Literature";"Nat. Biotechnol.";"2011";"None";""
"CHEMBL1908397";"KW-2449";"1";"332.41";"0";"2.78";"KW-2449";"O=C(c1ccc(/C=C/c2n[nH]c3ccccc23)cc1)N1CCNCC1";"Kd";"'='";"360.0";"nM";"6.44";"";"";"UO_0000065";"19.38";"0.35";"3.66";"10.56";"False";"CHEMBL1908668";"Binding constant for DAPK1 kinase domain";"B";"BAO_0000357";"single protein format";"None";"None";"None";"None";"None";"";"";"";"CHEMBL2558";"Death-associated protein kinase 1";"Homo sapiens";"SINGLE PROTEIN";"CHEMBL1908390";"1";"Scientific Literature";"Nat. Biotechnol.";"2011";"None";""
"CHEMBL124660";"TANDUTINIB";"2";"562.72";"2";"5.03";"MLN-518";"COc1cc2c(N3CCN(C(=O)Nc4ccc(OC(C)C)cc4)CC3)ncnc2cc1OCCCN1CCCCC1";"Kd";"'>'";"10000.0";"nM";"";"";"";"UO_0000065";"";"";"";"";"False";"CHEMBL1908668";"Binding constant for DAPK1 kinase domain";"B";"BAO_0000357";"single protein format";"None";"None";"None";"None";"None";"";"";"";"CHEMBL2558";"Death-associated protein kinase 1";"Homo sapiens";"SINGLE PROTEIN";"CHEMBL1908390";"1";"Scientific Literature";"Nat. Biotechnol.";"2011";"None";""
"CHEMBL608154";"";"0";"366.81";"0";"4.33";"MLN-120B";"COc1c(Cl)cc2c([nH]c3cnccc32)c1NC(=O)c1cccnc1C";"Kd";"'>'";"10000.0";"nM";"";"";"";"UO_0000065";"";"";"";"";"False";"CHEMBL1908668";"Binding constant for DAPK1 kinase domain";"B";"BAO_0000357";"single protein format";"None";"None";"None";"None";"None";"";"";"";"CHEMBL2558";"Death-associated protein kinase 1";"Homo sapiens";"SINGLE PROTEIN";"CHEMBL1908390";"1";"Scientific Literature";"Nat. Biotechnol.";"2011";"None";""
"CHEMBL1908396";"";"0";"480.55";"1";"5.39";"Ki-20227";"COc1cc(Oc2ccnc3cc(OC)c(OC)cc23)ccc1NC(=O)NC(C)c1nccs1";"Kd";"'>'";"10000.0";"nM";"";"";"";"UO_0000065";"";"";"";"";"False";"CHEMBL1908668";"Binding constant for DAPK1 kinase domain";"B";"BAO_0000357";"single protein format";"None";"None";"None";"None";"None";"";"";"";"CHEMBL2558";"Death-associated protein kinase 1";"Homo sapiens";"SINGLE PROTEIN";"CHEMBL1908390";"1";"Scientific Literature";"Nat. Biotechnol.";"2011";"None";""
"CHEMBL464552";"";"0";"532.58";"1";"3.40";"GSK-1838705A";"CNC(=O)c1c(F)cccc1Nc1nc(Nc2cc3c(cc2OC)CCN3C(=O)CN(C)C)nc2[nH]ccc12";"Kd";"'='";"620.0";"nM";"6.21";"";"";"UO_0000065";"11.66";"0.22";"2.81";"4.87";"False";"CHEMBL1908668";"Binding constant for DAPK1 kinase domain";"B";"BAO_0000357";"single protein format";"None";"None";"None";"None";"None";"";"";"";"CHEMBL2558";"Death-associated protein kinase 1";"Homo sapiens";"SINGLE PROTEIN";"CHEMBL1908390";"1";"Scientific Literature";"Nat. Biotechnol.";"2011";"None";""
"CHEMBL180022";"NERATINIB";"4";"557.05";"2";"5.93";"HKI-272";"CCOc1cc2ncc(C#N)c(Nc3ccc(OCc4ccccn4)c(Cl)c3)c2cc1NC(=O)/C=C/CN(C)C";"Kd";"'>'";"10000.0";"nM";"";"";"";"UO_0000065";"";"";"";"";"False";"CHEMBL1908668";"Binding constant for DAPK1 kinase domain";"B";"BAO_0000357";"single protein format";"None";"None";"None";"None";"None";"";"";"";"CHEMBL2558";"Death-associated protein kinase 1";"Homo sapiens";"SINGLE PROTEIN";"CHEMBL1908390";"1";"Scientific Literature";"Nat. Biotechnol.";"2011";"None";""
"CHEMBL521851";"PICTILISIB";"2";"513.65";"1";"2.15";"GDC-0941";"CS(=O)(=O)N1CCN(Cc2cc3nc(-c4cccc5[nH]ncc45)nc(N4CCOCC4)c3s2)CC1";"Kd";"'='";"4000.0";"nM";"5.40";"";"";"UO_0000065";"10.51";"0.21";"3.25";"5.02";"False";"CHEMBL1908668";"Binding constant for DAPK1 kinase domain";"B";"BAO_0000357";"single protein format";"None";"None";"None";"None";"None";"";"";"";"CHEMBL2558";"Death-associated protein kinase 1";"Homo sapiens";"SINGLE PROTEIN";"CHEMBL1908390";"1";"Scientific Literature";"Nat. Biotechnol.";"2011";"None";""
"CHEMBL300138";"ENZASTAURIN";"3";"515.62";"1";"4.93";"LY-317615";"Cn1cc(C2=C(c3cn(C4CCN(Cc5ccccn5)CC4)c4ccccc34)C(=O)NC2=O)c2ccccc21";"Kd";"'>'";"10000.0";"nM";"";"";"";"UO_0000065";"";"";"";"";"False";"CHEMBL1908668";"Binding constant for DAPK1 kinase domain";"B";"BAO_0000357";"single protein format";"None";"None";"None";"None";"None";"";"";"";"CHEMBL2558";"Death-associated protein kinase 1";"Homo sapiens";"SINGLE PROTEIN";"CHEMBL1908390";"1";"Scientific Literature";"Nat. Biotechnol.";"2011";"None";""
"CHEMBL259084";"MLN-8054";"1";"476.87";"1";"5.87";"MLN-8054";"O=C(O)c1ccc(Nc2ncc3c(n2)-c2ccc(Cl)cc2C(c2c(F)cccc2F)=NC3)cc1";"Kd";"'>'";"10000.0";"nM";"";"";"";"UO_0000065";"";"";"";"";"False";"CHEMBL1908668";"Binding constant for DAPK1 kinase domain";"B";"BAO_0000357";"single protein format";"None";"None";"None";"None";"None";"";"";"";"CHEMBL2558";"Death-associated protein kinase 1";"Homo sapiens";"SINGLE PROTEIN";"CHEMBL1908390";"1";"Scientific Literature";"Nat. Biotechnol.";"2011";"None";""
"CHEMBL1240703";"CGP-52421";"0";"586.65";"2";"5.40";"CGP-52421";"CO[C@@H]1[C@H](N(C)C(=O)c2ccccc2)C[C@H]2O[C@]1(C)n1c3ccccc3c3c4c(c5c6ccccc6n2c5c31)C(=O)N[C@H]4O";"Kd";"'>'";"10000.0";"nM";"";"";"";"UO_0000065";"";"";"";"";"False";"CHEMBL1244785";"Binding affinity to DAPK1";"B";"BAO_0000357";"single protein format";"None";"None";"None";"None";"None";"";"";"";"CHEMBL2558";"Death-associated protein kinase 1";"Homo sapiens";"SINGLE PROTEIN";"CHEMBL1240346";"1";"Scientific Literature";"Blood";"2009";"None";""
"CHEMBL608533";"MIDOSTAURIN";"4";"570.65";"2";"5.91";"PKC-412";"CO[C@@H]1[C@H](N(C)C(=O)c2ccccc2)C[C@H]2O[C@]1(C)n1c3ccccc3c3c4c(c5c6ccccc6n2c5c31)C(=O)NC4";"Kd";"'='";"4700.0";"nM";"5.33";"";"";"UO_0000065";"9.34";"0.17";"-0.58";"6.85";"True";"CHEMBL1244785";"Binding affinity to DAPK1";"B";"BAO_0000357";"single protein format";"None";"None";"None";"None";"None";"";"";"";"CHEMBL2558";"Death-associated protein kinase 1";"Homo sapiens";"SINGLE PROTEIN";"CHEMBL1240346";"1";"Scientific Literature";"Blood";"2009";"None";""
"CHEMBL4465866";"";"0";"901.82";"None";"None";"8a";"CO[C@@H]1[C@H](NCCOCCOCCOCCNC(=O)CCC2=[N+]3C(=Cc4c(C)cc(C)n4[B-]3(F)F)C=C2)C[C@H]2O[C@]1(C)n1c3ccccc3c3c4c(c5c6ccccc6n2c5c31)C(=O)NC4";"Kd";"'='";"69.0";"nM";"7.16";"";"";"UO_0000065";"7.94";"None";"None";"None";"False";"CHEMBL4322865";"Binding affinity to recombinant full-length N-terminal His-FLAG-GST-tagged DAPK1 (unknown origin) (1 to 289 residues) expressed in baculovirus infected Sf9 insect cells incubated for 1 hr by TR-FRET assay";"B";"BAO_0000219";"cell-based format";"Homo sapiens";"None";"None";"Sf9";"None";"";"";"";"CHEMBL2558";"Death-associated protein kinase 1";"Homo sapiens";"SINGLE PROTEIN";"CHEMBL4321812";"1";"Scientific Literature";"Bioorg Med Chem Lett";"2019";"CHEMBL3308860";""
"CHEMBL2152382";"";"0";"490.94";"0";"3.74";"13c";"COC(=O)c1c(Cc2ccc(C(=O)NCCO)cc2)c(=O)c2ccc(Cl)cc2n1-c1ccccc1";"Kd";"'>'";"10000.0";"nM";"";"";"";"UO_0000065";"";"";"";"";"False";"CHEMBL2215625";"Binding affinity to T7-phage-tagged DAPK1 by PCR analysis";"B";"BAO_0000357";"single protein format";"None";"None";"None";"None";"None";"";"";"";"CHEMBL2558";"Death-associated protein kinase 1";"Homo sapiens";"SINGLE PROTEIN";"CHEMBL2203077";"1";"Scientific Literature";"Bioorg. Med. Chem. Lett.";"2012";"None";""
"CHEMBL558752";"RAF-265";"2";"518.42";"2";"6.93";"CHIR-265/RAF-265";"Cn1c(Nc2ccc(C(F)(F)F)cc2)nc2cc(Oc3ccnc(-c4ncc(C(F)(F)F)[nH]4)c3)ccc21";"Kd";"'>'";"10000.0";"nM";"";"";"";"UO_0000065";"";"";"";"";"False";"CHEMBL1908668";"Binding constant for DAPK1 kinase domain";"B";"BAO_0000357";"single protein format";"None";"None";"None";"None";"None";"";"";"";"CHEMBL2558";"Death-associated protein kinase 1";"Homo sapiens";"SINGLE PROTEIN";"CHEMBL1908390";"1";"Scientific Literature";"Nat. Biotechnol.";"2011";"None";""
"CHEMBL601719";"CRIZOTINIB";"4";"450.35";"1";"5.04";"Crizotinib";"C[C@@H](Oc1cc(-c2cnn(C3CCNCC3)c2)cnc1N)c1c(Cl)ccc(F)c1Cl";"Kd";"'>'";"10000.0";"nM";"";"";"";"UO_0000065";"";"";"";"";"False";"CHEMBL1908668";"Binding constant for DAPK1 kinase domain";"B";"BAO_0000357";"single protein format";"None";"None";"None";"None";"None";"";"";"";"CHEMBL2558";"Death-associated protein kinase 1";"Homo sapiens";"SINGLE PROTEIN";"CHEMBL1908390";"1";"Scientific Literature";"Nat. Biotechnol.";"2011";"None";""
"CHEMBL119385";"NEFLAMAPIMOD";"2";"436.27";"1";"5.49";"VX-745";"O=c1ncn2nc(Sc3ccc(F)cc3F)ccc2c1-c1c(Cl)cccc1Cl";"Kd";"'>'";"10000.0";"nM";"";"";"";"UO_0000065";"";"";"";"";"False";"CHEMBL1908668";"Binding constant for DAPK1 kinase domain";"B";"BAO_0000357";"single protein format";"None";"None";"None";"None";"None";"";"";"";"CHEMBL2558";"Death-associated protein kinase 1";"Homo sapiens";"SINGLE PROTEIN";"CHEMBL1908390";"1";"Scientific Literature";"Nat. Biotechnol.";"2011";"None";""
"CHEMBL477772";"PAZOPANIB";"4";"437.53";"0";"3.14";"Pazopanib";"Cc1ccc(Nc2nccc(N(C)c3ccc4c(C)n(C)nc4c3)n2)cc1S(N)(=O)=O";"Kd";"'>'";"10000.0";"nM";"";"";"";"UO_0000065";"";"";"";"";"False";"CHEMBL1908668";"Binding constant for DAPK1 kinase domain";"B";"BAO_0000357";"single protein format";"None";"None";"None";"None";"None";"";"";"";"CHEMBL2558";"Death-associated protein kinase 1";"Homo sapiens";"SINGLE PROTEIN";"CHEMBL1908390";"1";"Scientific Literature";"Nat. Biotechnol.";"2011";"None";""
"CHEMBL4576489";"";"0";"915.85";"None";"None";"8b";"CO[C@@H]1[C@H](N(C)CCOCCOCCOCCNC(=O)CCC2=[N+]3C(=Cc4c(C)cc(C)n4[B-]3(F)F)C=C2)C[C@H]2O[C@]1(C)n1c3ccccc3c3c4c(c5c6ccccc6n2c5c31)C(=O)NC4";"Kd";"'='";"59.0";"nM";"7.23";"";"";"UO_0000065";"7.89";"None";"None";"None";"False";"CHEMBL4322865";"Binding affinity to recombinant full-length N-terminal His-FLAG-GST-tagged DAPK1 (unknown origin) (1 to 289 residues) expressed in baculovirus infected Sf9 insect cells incubated for 1 hr by TR-FRET assay";"B";"BAO_0000219";"cell-based format";"Homo sapiens";"None";"None";"Sf9";"None";"";"";"";"CHEMBL2558";"Death-associated protein kinase 1";"Homo sapiens";"SINGLE PROTEIN";"CHEMBL4321812";"1";"Scientific Literature";"Bioorg Med Chem Lett";"2019";"CHEMBL3308860";""
"CHEMBL576982";"QUIZARTINIB";"3";"560.68";"2";"5.86";"AC220";"CC(C)(C)c1cc(NC(=O)Nc2ccc(-c3cn4c(n3)sc3cc(OCCN5CCOCC5)ccc34)cc2)no1";"Kd";"'>'";"10000.0";"nM";"";"";"";"UO_0000065";"";"";"";"";"True";"CHEMBL1244785";"Binding affinity to DAPK1";"B";"BAO_0000357";"single protein format";"None";"None";"None";"None";"None";"";"";"";"CHEMBL2558";"Death-associated protein kinase 1";"Homo sapiens";"SINGLE PROTEIN";"CHEMBL1240346";"1";"Scientific Literature";"Blood";"2009";"None";""
"CHEMBL535";"SUNITINIB";"4";"398.48";"0";"3.33";"Sunitinib";"CCN(CC)CCNC(=O)c1c(C)[nH]c(/C=C2\C(=O)Nc3ccc(F)cc32)c1C";"Kd";"'='";"120.0";"nM";"6.92";"";"";"UO_0000065";"17.37";"0.33";"3.59";"8.96";"True";"CHEMBL1244785";"Binding affinity to DAPK1";"B";"BAO_0000357";"single protein format";"None";"None";"None";"None";"None";"";"";"";"CHEMBL2558";"Death-associated protein kinase 1";"Homo sapiens";"SINGLE PROTEIN";"CHEMBL1240346";"1";"Scientific Literature";"Blood";"2009";"None";""
"CHEMBL554";"LAPATINIB";"4";"581.07";"2";"6.14";"Lapatinib";"CS(=O)(=O)CCNCc1ccc(-c2ccc3ncnc(Nc4ccc(OCc5cccc(F)c5)c(Cl)c4)c3c2)o1";"Kd";"'>'";"10000.0";"nM";"";"";"";"UO_0000065";"";"";"";"";"False";"CHEMBL1908668";"Binding constant for DAPK1 kinase domain";"B";"BAO_0000357";"single protein format";"None";"None";"None";"None";"None";"";"";"";"CHEMBL2558";"Death-associated protein kinase 1";"Homo sapiens";"SINGLE PROTEIN";"CHEMBL1908390";"1";"Scientific Literature";"Nat. Biotechnol.";"2011";"None";""
"CHEMBL554";"LAPATINIB";"4";"581.07";"2";"6.14";"Lapatinib";"CS(=O)(=O)CCNCc1ccc(-c2ccc3ncnc(Nc4ccc(OCc5cccc(F)c5)c(Cl)c4)c3c2)o1";"Kd";"'>'";"10000.0";"nM";"";"";"";"UO_0000065";"";"";"";"";"True";"CHEMBL1044652";"Binding constant for DAPK1 kinase domain";"B";"BAO_0000357";"single protein format";"Homo sapiens";"None";"None";"None";"None";"";"";"";"CHEMBL2558";"Death-associated protein kinase 1";"Homo sapiens";"SINGLE PROTEIN";"CHEMBL1150977";"1";"Scientific Literature";"Nat. Biotechnol.";"2008";"None";""
"CHEMBL573339";"PI-103";"0";"348.36";"0";"2.98";"PI-103";"Oc1cccc(-c2nc(N3CCOCC3)c3oc4ncccc4c3n2)c1";"Kd";"'='";"2400.0";"nM";"5.62";"";"";"UO_0000065";"16.13";"0.30";"2.64";"6.65";"True";"CHEMBL1044652";"Binding constant for DAPK1 kinase domain";"B";"BAO_0000357";"single protein format";"Homo sapiens";"None";"None";"None";"None";"";"";"";"CHEMBL2558";"Death-associated protein kinase 1";"Homo sapiens";"SINGLE PROTEIN";"CHEMBL1150977";"1";"Scientific Literature";"Nat. Biotechnol.";"2008";"None";""
"CHEMBL10";"SB-203580";"0";"377.44";"0";"4.68";"SB-203580";"C[S+]([O-])c1ccc(-c2nc(-c3ccc(F)cc3)c(-c3ccncc3)[nH]2)cc1";"Kd";"'>'";"10000.0";"nM";"";"";"";"UO_0000065";"";"";"";"";"True";"CHEMBL1044652";"Binding constant for DAPK1 kinase domain";"B";"BAO_0000357";"single protein format";"Homo sapiens";"None";"None";"None";"None";"";"";"";"CHEMBL2558";"Death-associated protein kinase 1";"Homo sapiens";"SINGLE PROTEIN";"CHEMBL1150977";"1";"Scientific Literature";"Nat. Biotechnol.";"2008";"None";""
"CHEMBL553";"ERLOTINIB";"4";"393.44";"0";"3.41";"Erlotinib";"C#Cc1cccc(Nc2ncnc3cc(OCCOC)c(OCCOC)cc23)c1";"Kd";"'>'";"10000.0";"nM";"";"";"";"UO_0000065";"";"";"";"";"True";"CHEMBL1044652";"Binding constant for DAPK1 kinase domain";"B";"BAO_0000357";"single protein format";"Homo sapiens";"None";"None";"None";"None";"";"";"";"CHEMBL2558";"Death-associated protein kinase 1";"Homo sapiens";"SINGLE PROTEIN";"CHEMBL1150977";"1";"Scientific Literature";"Nat. Biotechnol.";"2008";"None";""
"CHEMBL553";"ERLOTINIB";"4";"393.44";"0";"3.41";"Erlotinib";"C#Cc1cccc(Nc2ncnc3cc(OCCOC)c(OCCOC)cc23)c1";"Kd";"'>'";"10000.0";"nM";"";"";"";"UO_0000065";"";"";"";"";"False";"CHEMBL1908668";"Binding constant for DAPK1 kinase domain";"B";"BAO_0000357";"single protein format";"None";"None";"None";"None";"None";"";"";"";"CHEMBL2558";"Death-associated protein kinase 1";"Homo sapiens";"SINGLE PROTEIN";"CHEMBL1908390";"1";"Scientific Literature";"Nat. Biotechnol.";"2011";"None";""
"CHEMBL576982";"QUIZARTINIB";"3";"560.68";"2";"5.86";"AC220";"CC(C)(C)c1cc(NC(=O)Nc2ccc(-c3cn4c(n3)sc3cc(OCCN5CCOCC5)ccc34)cc2)no1";"Kd";"'>'";"10000.0";"nM";"";"";"";"UO_0000065";"";"";"";"";"False";"CHEMBL1908668";"Binding constant for DAPK1 kinase domain";"B";"BAO_0000357";"single protein format";"None";"None";"None";"None";"None";"";"";"";"CHEMBL2558";"Death-associated protein kinase 1";"Homo sapiens";"SINGLE PROTEIN";"CHEMBL1908390";"1";"Scientific Literature";"Nat. Biotechnol.";"2011";"None";""
"CHEMBL939";"GEFITINIB";"4";"446.91";"0";"4.28";"Gefitinib";"COc1cc2ncnc(Nc3ccc(F)c(Cl)c3)c2cc1OCCCN1CCOCC1";"Kd";"'>'";"10000.0";"nM";"";"";"";"UO_0000065";"";"";"";"";"False";"CHEMBL1908668";"Binding constant for DAPK1 kinase domain";"B";"BAO_0000357";"single protein format";"None";"None";"None";"None";"None";"";"";"";"CHEMBL2558";"Death-associated protein kinase 1";"Homo sapiens";"SINGLE PROTEIN";"CHEMBL1908390";"1";"Scientific Literature";"Nat. Biotechnol.";"2011";"None";""
"CHEMBL572881";"MOTESANIB";"3";"373.46";"0";"4.04";"AMG-706";"CC1(C)CNc2cc(NC(=O)c3cccnc3NCc3ccncc3)ccc21";"Kd";"'>'";"10000.0";"nM";"";"";"";"UO_0000065";"";"";"";"";"False";"CHEMBL1908668";"Binding constant for DAPK1 kinase domain";"B";"BAO_0000357";"single protein format";"None";"None";"None";"None";"None";"";"";"";"CHEMBL2558";"Death-associated protein kinase 1";"Homo sapiens";"SINGLE PROTEIN";"CHEMBL1908390";"1";"Scientific Literature";"Nat. Biotechnol.";"2011";"None";""
"CHEMBL1336";"SORAFENIB";"4";"464.83";"1";"5.55";"Sorafenib";"CNC(=O)c1cc(Oc2ccc(NC(=O)Nc3ccc(Cl)c(C(F)(F)F)c3)cc2)ccn1";"Kd";"'>'";"10000.0";"nM";"";"";"";"UO_0000065";"";"";"";"";"True";"CHEMBL1244785";"Binding affinity to DAPK1";"B";"BAO_0000357";"single protein format";"None";"None";"None";"None";"None";"";"";"";"CHEMBL2558";"Death-associated protein kinase 1";"Homo sapiens";"SINGLE PROTEIN";"CHEMBL1240346";"1";"Scientific Literature";"Blood";"2009";"None";""
"CHEMBL572878";"TOZASERTIB";"2";"464.60";"0";"3.50";"VX-680/MK-0457";"Cc1cc(Nc2cc(N3CCN(C)CC3)nc(Sc3ccc(NC(=O)C4CC4)cc3)n2)n[nH]1";"Kd";"'>'";"10000.0";"nM";"";"";"";"UO_0000065";"";"";"";"";"False";"CHEMBL1908668";"Binding constant for DAPK1 kinase domain";"B";"BAO_0000357";"single protein format";"None";"None";"None";"None";"None";"";"";"";"CHEMBL2558";"Death-associated protein kinase 1";"Homo sapiens";"SINGLE PROTEIN";"CHEMBL1908390";"1";"Scientific Literature";"Nat. Biotechnol.";"2011";"None";""
"CHEMBL525191";"";"0";"334.38";"0";"2.73";"GDC-0879";"OCCn1cc(-c2ccc3c(c2)CC/C3=N\O)c(-c2ccncc2)n1";"Kd";"'>'";"10000.0";"nM";"";"";"";"UO_0000065";"";"";"";"";"False";"CHEMBL1908668";"Binding constant for DAPK1 kinase domain";"B";"BAO_0000357";"single protein format";"None";"None";"None";"None";"None";"";"";"";"CHEMBL2558";"Death-associated protein kinase 1";"Homo sapiens";"SINGLE PROTEIN";"CHEMBL1908390";"1";"Scientific Literature";"Nat. Biotechnol.";"2011";"None";""
"CHEMBL513909";"BI-2536";"2";"521.67";"1";"3.56";"BI-2536";"CC[C@@H]1C(=O)N(C)c2cnc(Nc3ccc(C(=O)NC4CCN(C)CC4)cc3OC)nc2N1C1CCCC1";"Kd";"'='";"540.0";"nM";"6.27";"";"";"UO_0000065";"12.01";"0.23";"2.71";"6.09";"False";"CHEMBL1908668";"Binding constant for DAPK1 kinase domain";"B";"BAO_0000357";"single protein format";"None";"None";"None";"None";"None";"";"";"";"CHEMBL2558";"Death-associated protein kinase 1";"Homo sapiens";"SINGLE PROTEIN";"CHEMBL1908390";"1";"Scientific Literature";"Nat. Biotechnol.";"2011";"None";""
"CHEMBL475251";"R-406";"2";"470.46";"0";"3.63";"R406";"COc1cc(Nc2ncc(F)c(Nc3ccc4c(n3)NC(=O)C(C)(C)O4)n2)cc(OC)c1OC";"Kd";"'='";"55.0";"nM";"7.26";"";"";"UO_0000065";"15.43";"0.29";"3.63";"5.64";"False";"CHEMBL1908668";"Binding constant for DAPK1 kinase domain";"B";"BAO_0000357";"single protein format";"None";"None";"None";"None";"None";"";"";"";"CHEMBL2558";"Death-associated protein kinase 1";"Homo sapiens";"SINGLE PROTEIN";"CHEMBL1908390";"1";"Scientific Literature";"Nat. Biotechnol.";"2011";"None";""
"CHEMBL1287853";"FEDRATINIB";"4";"524.69";"1";"4.82";"TG-101348";"Cc1cnc(Nc2ccc(OCCN3CCCC3)cc2)nc1Nc1cccc(S(=O)(=O)NC(C)(C)C)c1";"Kd";"'='";"16.0";"nM";"7.80";"";"";"UO_0000065";"14.86";"0.29";"2.98";"7.19";"False";"CHEMBL1908668";"Binding constant for DAPK1 kinase domain";"B";"BAO_0000357";"single protein format";"None";"None";"None";"None";"None";"";"";"";"CHEMBL2558";"Death-associated protein kinase 1";"Homo sapiens";"SINGLE PROTEIN";"CHEMBL1908390";"1";"Scientific Literature";"Nat. Biotechnol.";"2011";"None";""
"CHEMBL31965";"CANERTINIB";"3";"485.95";"0";"4.39";"CI-1033";"C=CC(=O)Nc1cc2c(Nc3ccc(F)c(Cl)c3)ncnc2cc1OCCCN1CCOCC1";"Kd";"'>'";"10000.0";"nM";"";"";"";"UO_0000065";"";"";"";"";"False";"CHEMBL1908668";"Binding constant for DAPK1 kinase domain";"B";"BAO_0000357";"single protein format";"None";"None";"None";"None";"None";"";"";"";"CHEMBL2558";"Death-associated protein kinase 1";"Homo sapiens";"SINGLE PROTEIN";"CHEMBL1908390";"1";"Scientific Literature";"Nat. Biotechnol.";"2011";"None";""
"CHEMBL388978";"STAUROSPORINE";"0";"466.54";"0";"4.35";"Staurosporine";"CN[C@@H]1C[C@H]2O[C@@](C)([C@@H]1OC)n1c3ccccc3c3c4c(c5c6ccccc6n2c5c31)C(=O)NC4";"Kd";"'='";"1.4";"nM";"8.85";"";"";"UO_0000065";"18.98";"0.35";"4.50";"12.75";"False";"CHEMBL1908668";"Binding constant for DAPK1 kinase domain";"B";"BAO_0000357";"single protein format";"None";"None";"None";"None";"None";"";"";"";"CHEMBL2558";"Death-associated protein kinase 1";"Homo sapiens";"SINGLE PROTEIN";"CHEMBL1908390";"1";"Scientific Literature";"Nat. Biotechnol.";"2011";"None";""
"CHEMBL491473";"CEDIRANIB";"3";"450.51";"1";"5.22";"AZD-2171";"COc1cc2c(Oc3ccc4[nH]c(C)cc4c3F)ncnc2cc1OCCCN1CCCC1";"Kd";"'>'";"10000.0";"nM";"";"";"";"UO_0000065";"";"";"";"";"False";"CHEMBL1908668";"Binding constant for DAPK1 kinase domain";"B";"BAO_0000357";"single protein format";"None";"None";"None";"None";"None";"";"";"";"CHEMBL2558";"Death-associated protein kinase 1";"Homo sapiens";"SINGLE PROTEIN";"CHEMBL1908390";"1";"Scientific Literature";"Nat. Biotechnol.";"2011";"None";""
"CHEMBL191003";"JNJ-7706621";"0";"394.36";"0";"1.22";"JNJ-7706621";"Nc1nc(Nc2ccc(S(N)(=O)=O)cc2)nn1C(=O)c1c(F)cccc1F";"Kd";"'>'";"10000.0";"nM";"";"";"";"UO_0000065";"";"";"";"";"False";"CHEMBL1044652";"Binding constant for DAPK1 kinase domain";"B";"BAO_0000357";"single protein format";"Homo sapiens";"None";"None";"None";"None";"";"";"";"CHEMBL2558";"Death-associated protein kinase 1";"Homo sapiens";"SINGLE PROTEIN";"CHEMBL1150977";"1";"Scientific Literature";"Nat. Biotechnol.";"2008";"None";""
"CHEMBL91829";"RUBOXISTAURIN";"3";"468.56";"0";"3.51";"LY-333531";"CN(C)C[C@@H]1CCn2cc(c3ccccc32)C2=C(C(=O)NC2=O)c2cn(c3ccccc23)CCO1";"Kd";"'='";"970.0";"nM";"6.01";"";"";"UO_0000065";"12.83";"0.23";"2.50";"8.78";"True";"CHEMBL1044652";"Binding constant for DAPK1 kinase domain";"B";"BAO_0000357";"single protein format";"Homo sapiens";"None";"None";"None";"None";"";"";"";"CHEMBL2558";"Death-associated protein kinase 1";"Homo sapiens";"SINGLE PROTEIN";"CHEMBL1150977";"1";"Scientific Literature";"Nat. Biotechnol.";"2008";"None";""
"CHEMBL124660";"TANDUTINIB";"2";"562.72";"2";"5.03";"MLN-518";"COc1cc2c(N3CCN(C(=O)Nc4ccc(OC(C)C)cc4)CC3)ncnc2cc1OCCCN1CCCCC1";"Kd";"'>'";"10000.0";"nM";"";"";"";"UO_0000065";"";"";"";"";"True";"CHEMBL1044652";"Binding constant for DAPK1 kinase domain";"B";"BAO_0000357";"single protein format";"Homo sapiens";"None";"None";"None";"None";"";"";"";"CHEMBL2558";"Death-associated protein kinase 1";"Homo sapiens";"SINGLE PROTEIN";"CHEMBL1150977";"1";"Scientific Literature";"Nat. Biotechnol.";"2008";"None";""
"CHEMBL1336";"SORAFENIB";"4";"464.83";"1";"5.55";"Sorafenib";"CNC(=O)c1cc(Oc2ccc(NC(=O)Nc3ccc(Cl)c(C(F)(F)F)c3)cc2)ccn1";"Kd";"'>'";"10000.0";"nM";"";"";"";"UO_0000065";"";"";"";"";"True";"CHEMBL1044652";"Binding constant for DAPK1 kinase domain";"B";"BAO_0000357";"single protein format";"Homo sapiens";"None";"None";"None";"None";"";"";"";"CHEMBL2558";"Death-associated protein kinase 1";"Homo sapiens";"SINGLE PROTEIN";"CHEMBL1150977";"1";"Scientific Literature";"Nat. Biotechnol.";"2008";"None";""
"CHEMBL388978";"STAUROSPORINE";"0";"466.54";"0";"4.35";"Staurosporine";"CN[C@@H]1C[C@H]2O[C@@](C)([C@@H]1OC)n1c3ccccc3c3c4c(c5c6ccccc6n2c5c31)C(=O)NC4";"Kd";"'='";"1.4";"nM";"8.85";"";"";"UO_0000065";"18.98";"0.35";"4.50";"12.75";"True";"CHEMBL1044652";"Binding constant for DAPK1 kinase domain";"B";"BAO_0000357";"single protein format";"Homo sapiens";"None";"None";"None";"None";"";"";"";"CHEMBL2558";"Death-associated protein kinase 1";"Homo sapiens";"SINGLE PROTEIN";"CHEMBL1150977";"1";"Scientific Literature";"Nat. Biotechnol.";"2008";"None";""
"CHEMBL223360";"LINIFANIB";"3";"375.41";"0";"4.90";"ABT-869";"Cc1ccc(F)c(NC(=O)Nc2ccc(-c3cccc4[nH]nc(N)c34)cc2)c1";"Kd";"'>'";"10000.0";"nM";"";"";"";"UO_0000065";"";"";"";"";"False";"CHEMBL1908668";"Binding constant for DAPK1 kinase domain";"B";"BAO_0000357";"single protein format";"None";"None";"None";"None";"None";"";"";"";"CHEMBL2558";"Death-associated protein kinase 1";"Homo sapiens";"SINGLE PROTEIN";"CHEMBL1908390";"1";"Scientific Literature";"Nat. Biotechnol.";"2011";"None";""
"CHEMBL509032";"TAE-684";"0";"614.22";"2";"5.02";"TAE-684";"COc1cc(N2CCC(N3CCN(C)CC3)CC2)ccc1Nc1ncc(Cl)c(Nc2ccccc2S(=O)(=O)C(C)C)n1";"Kd";"'='";"1800.0";"nM";"5.75";"";"";"UO_0000065";"9.35";"0.19";"0.72";"5.58";"False";"CHEMBL1908668";"Binding constant for DAPK1 kinase domain";"B";"BAO_0000357";"single protein format";"None";"None";"None";"None";"None";"";"";"";"CHEMBL2558";"Death-associated protein kinase 1";"Homo sapiens";"SINGLE PROTEIN";"CHEMBL1908390";"1";"Scientific Literature";"Nat. Biotechnol.";"2011";"None";""
"CHEMBL1789941";"RUXOLITINIB";"4";"306.37";"0";"3.47";"INCB18424";"N#CC[C@H](C1CCCC1)n1cc(-c2ncnc3[nH]ccc23)cn1";"Kd";"'='";"72.0";"nM";"7.14";"";"";"UO_0000065";"23.31";"0.42";"3.67";"8.59";"False";"CHEMBL1908668";"Binding constant for DAPK1 kinase domain";"B";"BAO_0000357";"single protein format";"None";"None";"None";"None";"None";"";"";"";"CHEMBL2558";"Death-associated protein kinase 1";"Homo sapiens";"SINGLE PROTEIN";"CHEMBL1908390";"1";"Scientific Literature";"Nat. Biotechnol.";"2011";"None";""
"CHEMBL1230020";"PLX-4720";"0";"413.83";"0";"3.88";"PLX-4720";"CCCS(=O)(=O)Nc1ccc(F)c(C(=O)c2c[nH]c3ncc(Cl)cc23)c1F";"Kd";"'>'";"10000.0";"nM";"";"";"";"UO_0000065";"";"";"";"";"False";"CHEMBL1908668";"Binding constant for DAPK1 kinase domain";"B";"BAO_0000357";"single protein format";"None";"None";"None";"None";"None";"";"";"";"CHEMBL2558";"Death-associated protein kinase 1";"Homo sapiens";"SINGLE PROTEIN";"CHEMBL1908390";"1";"Scientific Literature";"Nat. Biotechnol.";"2011";"None";""
"CHEMBL573339";"PI-103";"0";"348.36";"0";"2.98";"PI-103";"Oc1cccc(-c2nc(N3CCOCC3)c3oc4ncccc4c3n2)c1";"Kd";"'='";"2400.0";"nM";"5.62";"";"";"UO_0000065";"16.13";"0.30";"2.64";"6.65";"False";"CHEMBL1908668";"Binding constant for DAPK1 kinase domain";"B";"BAO_0000357";"single protein format";"None";"None";"None";"None";"None";"";"";"";"CHEMBL2558";"Death-associated protein kinase 1";"Homo sapiens";"SINGLE PROTEIN";"CHEMBL1908390";"1";"Scientific Literature";"Nat. Biotechnol.";"2011";"None";""
"CHEMBL296468";"BMS-387032";"1";"380.54";"0";"3.66";"BMS-387032/SNS-032";"CC(C)(C)c1cnc(CSc2cnc(NC(=O)C3CCNCC3)s2)o1";"Kd";"'>'";"10000.0";"nM";"";"";"";"UO_0000065";"";"";"";"";"False";"CHEMBL1908668";"Binding constant for DAPK1 kinase domain";"B";"BAO_0000357";"single protein format";"None";"None";"None";"None";"None";"";"";"";"CHEMBL2558";"Death-associated protein kinase 1";"Homo sapiens";"SINGLE PROTEIN";"CHEMBL1908390";"1";"Scientific Literature";"Nat. Biotechnol.";"2011";"None";""
"CHEMBL288441";"BOSUTINIB";"4";"530.46";"2";"5.19";"SKI-606";"COc1cc(Nc2c(C#N)cnc3cc(OCCCN4CCN(C)CC4)c(OC)cc23)c(Cl)cc1Cl";"Kd";"'>'";"10000.0";"nM";"";"";"";"UO_0000065";"";"";"";"";"False";"CHEMBL1908668";"Binding constant for DAPK1 kinase domain";"B";"BAO_0000357";"single protein format";"None";"None";"None";"None";"None";"";"";"";"CHEMBL2558";"Death-associated protein kinase 1";"Homo sapiens";"SINGLE PROTEIN";"CHEMBL1908390";"1";"Scientific Literature";"Nat. Biotechnol.";"2011";"None";""
"CHEMBL1614701";"SELUMETINIB";"4";"457.69";"0";"3.53";"AZD-6244/ARRY-886";"Cn1cnc2c(F)c(Nc3ccc(Br)cc3Cl)c(C(=O)NOCCO)cc21";"Kd";"'>'";"10000.0";"nM";"";"";"";"UO_0000065";"";"";"";"";"False";"CHEMBL1908668";"Binding constant for DAPK1 kinase domain";"B";"BAO_0000357";"single protein format";"None";"None";"None";"None";"None";"";"";"";"CHEMBL2558";"Death-associated protein kinase 1";"Homo sapiens";"SINGLE PROTEIN";"CHEMBL1908390";"1";"Scientific Literature";"Nat. Biotechnol.";"2011";"None";""
"CHEMBL1230609";"FORETINIB";"2";"632.66";"2";"5.77";"EXEL-2880/GSK-1363089";"COc1cc2c(Oc3ccc(NC(=O)C4(C(=O)Nc5ccc(F)cc5)CC4)cc3F)ccnc2cc1OCCCN1CCOCC1";"Kd";"'>'";"10000.0";"nM";"";"";"";"UO_0000065";"";"";"";"";"False";"CHEMBL1908668";"Binding constant for DAPK1 kinase domain";"B";"BAO_0000357";"single protein format";"None";"None";"None";"None";"None";"";"";"";"CHEMBL2558";"Death-associated protein kinase 1";"Homo sapiens";"SINGLE PROTEIN";"CHEMBL1908390";"1";"Scientific Literature";"Nat. Biotechnol.";"2011";"None";""
"CHEMBL255863";"NILOTINIB";"4";"529.53";"2";"6.36";"Nilotinib";"Cc1cn(-c2cc(NC(=O)c3ccc(C)c(Nc4nccc(-c5cccnc5)n4)c3)cc(C(F)(F)F)c2)cn1";"Kd";"'>'";"10000.0";"nM";"";"";"";"UO_0000065";"";"";"";"";"False";"CHEMBL1908668";"Binding constant for DAPK1 kinase domain";"B";"BAO_0000357";"single protein format";"None";"None";"None";"None";"None";"";"";"";"CHEMBL2558";"Death-associated protein kinase 1";"Homo sapiens";"SINGLE PROTEIN";"CHEMBL1908390";"1";"Scientific Literature";"Nat. Biotechnol.";"2011";"None";""
"CHEMBL10";"SB-203580";"0";"377.44";"0";"4.68";"SB-203580";"C[S+]([O-])c1ccc(-c2nc(-c3ccc(F)cc3)c(-c3ccncc3)[nH]2)cc1";"Kd";"'>'";"10000.0";"nM";"";"";"";"UO_0000065";"";"";"";"";"False";"CHEMBL1908668";"Binding constant for DAPK1 kinase domain";"B";"BAO_0000357";"single protein format";"None";"None";"None";"None";"None";"";"";"";"CHEMBL2558";"Death-associated protein kinase 1";"Homo sapiens";"SINGLE PROTEIN";"CHEMBL1908390";"1";"Scientific Literature";"Nat. Biotechnol.";"2011";"None";""
"CHEMBL494089";"GSK-690693";"1";"425.49";"0";"1.58";"GSK-690693";"CCn1c(-c2nonc2N)nc2c(C#CC(C)(C)O)ncc(OC[C@H]3CCCNC3)c21";"Kd";"'='";"3000.0";"nM";"5.52";"";"";"UO_0000065";"12.98";"0.24";"3.94";"4.03";"False";"CHEMBL1908668";"Binding constant for DAPK1 kinase domain";"B";"BAO_0000357";"single protein format";"None";"None";"None";"None";"None";"";"";"";"CHEMBL2558";"Death-associated protein kinase 1";"Homo sapiens";"SINGLE PROTEIN";"CHEMBL1908390";"1";"Scientific Literature";"Nat. Biotechnol.";"2011";"None";""
"CHEMBL215152";"AZD-1152-HQPA";"0";"507.57";"1";"3.50";"AZD-1152 HQPA";"CCN(CCO)CCCOc1ccc2c(Nc3cc(CC(=O)Nc4cccc(F)c4)[nH]n3)ncnc2c1";"Kd";"'>'";"10000.0";"nM";"";"";"";"UO_0000065";"";"";"";"";"False";"CHEMBL1908668";"Binding constant for DAPK1 kinase domain";"B";"BAO_0000357";"single protein format";"None";"None";"None";"None";"None";"";"";"";"CHEMBL2558";"Death-associated protein kinase 1";"Homo sapiens";"SINGLE PROTEIN";"CHEMBL1908390";"1";"Scientific Literature";"Nat. Biotechnol.";"2011";"None";""
"CHEMBL223360";"LINIFANIB";"3";"375.41";"0";"4.90";"ABT-869";"Cc1ccc(F)c(NC(=O)Nc2ccc(-c3cccc4[nH]nc(N)c34)cc2)c1";"Kd";"'>'";"10000.0";"nM";"";"";"";"UO_0000065";"";"";"";"";"True";"CHEMBL1044652";"Binding constant for DAPK1 kinase domain";"B";"BAO_0000357";"single protein format";"Homo sapiens";"None";"None";"None";"None";"";"";"";"CHEMBL2558";"Death-associated protein kinase 1";"Homo sapiens";"SINGLE PROTEIN";"CHEMBL1150977";"1";"Scientific Literature";"Nat. Biotechnol.";"2008";"None";""
"CHEMBL574738";"AST-487";"1";"529.57";"2";"5.11";"AST-487";"CCN1CCN(Cc2ccc(NC(=O)Nc3ccc(Oc4cc(NC)ncn4)cc3)cc2C(F)(F)F)CC1";"Kd";"'>'";"10000.0";"nM";"";"";"";"UO_0000065";"";"";"";"";"True";"CHEMBL1044652";"Binding constant for DAPK1 kinase domain";"B";"BAO_0000357";"single protein format";"Homo sapiens";"None";"None";"None";"None";"";"";"";"CHEMBL2558";"Death-associated protein kinase 1";"Homo sapiens";"SINGLE PROTEIN";"CHEMBL1150977";"1";"Scientific Literature";"Nat. Biotechnol.";"2008";"None";""
"CHEMBL296468";"BMS-387032";"1";"380.54";"0";"3.66";"BMS-387032/SNS-032";"CC(C)(C)c1cnc(CSc2cnc(NC(=O)C3CCNCC3)s2)o1";"Kd";"'>'";"10000.0";"nM";"";"";"";"UO_0000065";"";"";"";"";"True";"CHEMBL1044652";"Binding constant for DAPK1 kinase domain";"B";"BAO_0000357";"single protein format";"Homo sapiens";"None";"None";"None";"None";"";"";"";"CHEMBL2558";"Death-associated protein kinase 1";"Homo sapiens";"SINGLE PROTEIN";"CHEMBL1150977";"1";"Scientific Literature";"Nat. Biotechnol.";"2008";"None";""
"CHEMBL522892";"DOVITINIB";"3";"392.44";"0";"2.54";"CHIR-258/TKI-258";"CN1CCN(c2ccc3nc(-c4c(N)c5c(F)cccc5[nH]c4=O)[nH]c3c2)CC1";"Kd";"'>'";"10000.0";"nM";"";"";"";"UO_0000065";"";"";"";"";"True";"CHEMBL1044652";"Binding constant for DAPK1 kinase domain";"B";"BAO_0000357";"single protein format";"Homo sapiens";"None";"None";"None";"None";"";"";"";"CHEMBL2558";"Death-associated protein kinase 1";"Homo sapiens";"SINGLE PROTEIN";"CHEMBL1150977";"1";"Scientific Literature";"Nat. Biotechnol.";"2008";"None";""
"CHEMBL477772";"PAZOPANIB";"4";"437.53";"0";"3.14";"GW-786034";"Cc1ccc(Nc2nccc(N(C)c3ccc4c(C)n(C)nc4c3)n2)cc1S(N)(=O)=O";"Kd";"'>'";"10000.0";"nM";"";"";"";"UO_0000065";"";"";"";"";"True";"CHEMBL1044652";"Binding constant for DAPK1 kinase domain";"B";"BAO_0000357";"single protein format";"Homo sapiens";"None";"None";"None";"None";"";"";"";"CHEMBL2558";"Death-associated protein kinase 1";"Homo sapiens";"SINGLE PROTEIN";"CHEMBL1150977";"1";"Scientific Literature";"Nat. Biotechnol.";"2008";"None";""
"CHEMBL608533";"MIDOSTAURIN";"4";"570.65";"2";"5.91";"PKC-412";"CO[C@@H]1[C@H](N(C)C(=O)c2ccccc2)C[C@H]2O[C@]1(C)n1c3ccccc3c3c4c(c5c6ccccc6n2c5c31)C(=O)NC4";"Kd";"'='";"4700.0";"nM";"5.33";"";"";"UO_0000065";"9.34";"0.17";"-0.58";"6.85";"True";"CHEMBL1044652";"Binding constant for DAPK1 kinase domain";"B";"BAO_0000357";"single protein format";"Homo sapiens";"None";"None";"None";"None";"";"";"";"CHEMBL2558";"Death-associated protein kinase 1";"Homo sapiens";"SINGLE PROTEIN";"CHEMBL1150977";"1";"Scientific Literature";"Nat. Biotechnol.";"2008";"None";""
"CHEMBL14762";"SELICICLIB";"2";"354.46";"0";"3.20";"Roscovitine/CYC-202";"CC[C@H](CO)Nc1nc(NCc2ccccc2)c2ncn(C(C)C)c2n1";"Kd";"'>'";"10000.0";"nM";"";"";"";"UO_0000065";"";"";"";"";"False";"CHEMBL1044652";"Binding constant for DAPK1 kinase domain";"B";"BAO_0000357";"single protein format";"Homo sapiens";"None";"None";"None";"None";"";"";"";"CHEMBL2558";"Death-associated protein kinase 1";"Homo sapiens";"SINGLE PROTEIN";"CHEMBL1150977";"1";"Scientific Literature";"Nat. Biotechnol.";"2008";"None";""
"CHEMBL119385";"NEFLAMAPIMOD";"2";"436.27";"1";"5.49";"VX-745";"O=c1ncn2nc(Sc3ccc(F)cc3F)ccc2c1-c1c(Cl)cccc1Cl";"Kd";"'>'";"10000.0";"nM";"";"";"";"UO_0000065";"";"";"";"";"True";"CHEMBL1044652";"Binding constant for DAPK1 kinase domain";"B";"BAO_0000357";"single protein format";"Homo sapiens";"None";"None";"None";"None";"";"";"";"CHEMBL2558";"Death-associated protein kinase 1";"Homo sapiens";"SINGLE PROTEIN";"CHEMBL1150977";"1";"Scientific Literature";"Nat. Biotechnol.";"2008";"None";""
"CHEMBL483321";"CP-724714";"2";"469.55";"0";"4.95";"CP-724714";"COCC(=O)NC/C=C/c1ccc2ncnc(Nc3ccc(Oc4ccc(C)nc4)c(C)c3)c2c1";"Kd";"'>'";"10000.0";"nM";"";"";"";"UO_0000065";"";"";"";"";"False";"CHEMBL1044652";"Binding constant for DAPK1 kinase domain";"B";"BAO_0000357";"single protein format";"Homo sapiens";"None";"None";"None";"None";"";"";"";"CHEMBL2558";"Death-associated protein kinase 1";"Homo sapiens";"SINGLE PROTEIN";"CHEMBL1150977";"1";"Scientific Literature";"Nat. Biotechnol.";"2008";"None";""
"CHEMBL428690";"ALVOCIDIB";"3";"401.85";"0";"3.30";"Flavopiridol";"CN1CC[C@H](c2c(O)cc(O)c3c(=O)cc(-c4ccccc4Cl)oc23)[C@H](O)C1";"Kd";"'>'";"10000.0";"nM";"";"";"";"UO_0000065";"";"";"";"";"True";"CHEMBL1044652";"Binding constant for DAPK1 kinase domain";"B";"BAO_0000357";"single protein format";"Homo sapiens";"None";"None";"None";"None";"";"";"";"CHEMBL2558";"Death-associated protein kinase 1";"Homo sapiens";"SINGLE PROTEIN";"CHEMBL1150977";"1";"Scientific Literature";"Nat. Biotechnol.";"2008";"None";""
"CHEMBL261849";"GW632580X";"0";"366.42";"0";"2.83";"GW-2580";"COc1ccc(COc2ccc(Cc3cnc(N)nc3N)cc2OC)cc1";"Kd";"'>'";"10000.0";"nM";"";"";"";"UO_0000065";"";"";"";"";"True";"CHEMBL1044652";"Binding constant for DAPK1 kinase domain";"B";"BAO_0000357";"single protein format";"Homo sapiens";"None";"None";"None";"None";"";"";"";"CHEMBL2558";"Death-associated protein kinase 1";"Homo sapiens";"SINGLE PROTEIN";"CHEMBL1150977";"1";"Scientific Literature";"Nat. Biotechnol.";"2008";"None";""
"CHEMBL101253";"VATALANIB";"3";"346.82";"1";"5.01";"PTK-787";"Clc1ccc(Nc2nnc(Cc3ccncc3)c3ccccc23)cc1";"Kd";"'>'";"10000.0";"nM";"";"";"";"UO_0000065";"";"";"";"";"True";"CHEMBL1044652";"Binding constant for DAPK1 kinase domain";"B";"BAO_0000357";"single protein format";"Homo sapiens";"None";"None";"None";"None";"";"";"";"CHEMBL2558";"Death-associated protein kinase 1";"Homo sapiens";"SINGLE PROTEIN";"CHEMBL1150977";"1";"Scientific Literature";"Nat. Biotechnol.";"2008";"None";""
"CHEMBL574738";"AST-487";"1";"529.57";"2";"5.11";"AST-487";"CCN1CCN(Cc2ccc(NC(=O)Nc3ccc(Oc4cc(NC)ncn4)cc3)cc2C(F)(F)F)CC1";"Kd";"'>'";"10000.0";"nM";"";"";"";"UO_0000065";"";"";"";"";"False";"CHEMBL1908668";"Binding constant for DAPK1 kinase domain";"B";"BAO_0000357";"single protein format";"None";"None";"None";"None";"None";"";"";"";"CHEMBL2558";"Death-associated protein kinase 1";"Homo sapiens";"SINGLE PROTEIN";"CHEMBL1908390";"1";"Scientific Literature";"Nat. Biotechnol.";"2011";"None";""
"CHEMBL603469";"LESTAURTINIB";"3";"439.47";"0";"3.47";"CEP-701";"C[C@]12O[C@H](C[C@]1(O)CO)n1c3ccccc3c3c4c(c5c6ccccc6n2c5c31)CNC4=O";"Kd";"'='";"80.0";"nM";"7.10";"";"";"UO_0000065";"16.15";"0.29";"3.63";"8.01";"True";"CHEMBL1244785";"Binding affinity to DAPK1";"B";"BAO_0000357";"single protein format";"None";"None";"None";"None";"None";"";"";"";"CHEMBL2558";"Death-associated protein kinase 1";"Homo sapiens";"SINGLE PROTEIN";"CHEMBL1240346";"1";"Scientific Literature";"Blood";"2009";"None";""
"CHEMBL230011";"TG100-115";"2";"346.35";"0";"2.33";"TG-100-115";"Nc1nc(N)c2nc(-c3cccc(O)c3)c(-c3cccc(O)c3)nc2n1";"Kd";"'>'";"10000.0";"nM";"";"";"";"UO_0000065";"";"";"";"";"False";"CHEMBL1908668";"Binding constant for DAPK1 kinase domain";"B";"BAO_0000357";"single protein format";"None";"None";"None";"None";"None";"";"";"";"CHEMBL2558";"Death-associated protein kinase 1";"Homo sapiens";"SINGLE PROTEIN";"CHEMBL1908390";"1";"Scientific Literature";"Nat. Biotechnol.";"2011";"None";""
"CHEMBL1289926";"AXITINIB";"4";"386.48";"0";"4.64";"AG-013736";"CNC(=O)c1ccccc1Sc1ccc2c(/C=C/c3ccccn3)n[nH]c2c1";"Kd";"'>'";"10000.0";"nM";"";"";"";"UO_0000065";"";"";"";"";"False";"CHEMBL1908668";"Binding constant for DAPK1 kinase domain";"B";"BAO_0000357";"single protein format";"None";"None";"None";"None";"None";"";"";"";"CHEMBL2558";"Death-associated protein kinase 1";"Homo sapiens";"SINGLE PROTEIN";"CHEMBL1908390";"1";"Scientific Literature";"Nat. Biotechnol.";"2011";"None";""
"CHEMBL608533";"MIDOSTAURIN";"4";"570.65";"2";"5.91";"PKC-412";"CO[C@@H]1[C@H](N(C)C(=O)c2ccccc2)C[C@H]2O[C@]1(C)n1c3ccccc3c3c4c(c5c6ccccc6n2c5c31)C(=O)NC4";"Kd";"'='";"4700.0";"nM";"5.33";"";"";"UO_0000065";"9.34";"0.17";"-0.58";"6.85";"False";"CHEMBL1908668";"Binding constant for DAPK1 kinase domain";"B";"BAO_0000357";"single protein format";"None";"None";"None";"None";"None";"";"";"";"CHEMBL2558";"Death-associated protein kinase 1";"Homo sapiens";"SINGLE PROTEIN";"CHEMBL1908390";"1";"Scientific Literature";"Nat. Biotechnol.";"2011";"None";""
"CHEMBL941";"IMATINIB";"4";"493.62";"0";"4.59";"Imatinib";"Cc1ccc(NC(=O)c2ccc(CN3CCN(C)CC3)cc2)cc1Nc1nccc(-c2cccnc2)n1";"Kd";"'>'";"10000.0";"nM";"";"";"";"UO_0000065";"";"";"";"";"False";"CHEMBL1908668";"Binding constant for DAPK1 kinase domain";"B";"BAO_0000357";"single protein format";"None";"None";"None";"None";"None";"";"";"";"CHEMBL2558";"Death-associated protein kinase 1";"Homo sapiens";"SINGLE PROTEIN";"CHEMBL1908390";"1";"Scientific Literature";"Nat. Biotechnol.";"2011";"None";""
"CHEMBL101253";"VATALANIB";"3";"346.82";"1";"5.01";"PTK-787";"Clc1ccc(Nc2nnc(Cc3ccncc3)c3ccccc23)cc1";"Kd";"'>'";"10000.0";"nM";"";"";"";"UO_0000065";"";"";"";"";"False";"CHEMBL1908668";"Binding constant for DAPK1 kinase domain";"B";"BAO_0000357";"single protein format";"None";"None";"None";"None";"None";"";"";"";"CHEMBL2558";"Death-associated protein kinase 1";"Homo sapiens";"SINGLE PROTEIN";"CHEMBL1908390";"1";"Scientific Literature";"Nat. Biotechnol.";"2011";"None";""
"CHEMBL535";"SUNITINIB";"4";"398.48";"0";"3.33";"Sunitinib";"CCN(CC)CCNC(=O)c1c(C)[nH]c(/C=C2\C(=O)Nc3ccc(F)cc32)c1C";"Kd";"'='";"120.0";"nM";"6.92";"";"";"UO_0000065";"17.37";"0.33";"3.59";"8.96";"False";"CHEMBL1908668";"Binding constant for DAPK1 kinase domain";"B";"BAO_0000357";"single protein format";"None";"None";"None";"None";"None";"";"";"";"CHEMBL2558";"Death-associated protein kinase 1";"Homo sapiens";"SINGLE PROTEIN";"CHEMBL1908390";"1";"Scientific Literature";"Nat. Biotechnol.";"2011";"None";""
"CHEMBL450786";"PHA-665752";"0";"641.62";"2";"6.11";"PHA-665752";"Cc1[nH]c(/C=C2\C(=O)Nc3ccc(S(=O)(=O)Cc4c(Cl)cccc4Cl)cc32)c(C)c1C(=O)N1CCC[C@@H]1CN1CCCC1";"Kd";"'>'";"10000.0";"nM";"";"";"";"UO_0000065";"";"";"";"";"False";"CHEMBL1908668";"Binding constant for DAPK1 kinase domain";"B";"BAO_0000357";"single protein format";"None";"None";"None";"None";"None";"";"";"";"CHEMBL2558";"Death-associated protein kinase 1";"Homo sapiens";"SINGLE PROTEIN";"CHEMBL1908390";"1";"Scientific Literature";"Nat. Biotechnol.";"2011";"None";""
"CHEMBL379218";"";"0";"358.45";"0";"3.88";"A-674563";"Cc1n[nH]c2ccc(-c3cncc(OC[C@@H](N)Cc4ccccc4)c3)cc12";"Kd";"'='";"1600.0";"nM";"5.80";"";"";"UO_0000065";"16.17";"0.29";"1.92";"7.54";"False";"CHEMBL1908668";"Binding constant for DAPK1 kinase domain";"B";"BAO_0000357";"single protein format";"None";"None";"None";"None";"None";"";"";"";"CHEMBL2558";"Death-associated protein kinase 1";"Homo sapiens";"SINGLE PROTEIN";"CHEMBL1908390";"1";"Scientific Literature";"Nat. Biotechnol.";"2011";"None";""
"CHEMBL941";"IMATINIB";"4";"493.62";"0";"4.59";"Imatinib";"Cc1ccc(NC(=O)c2ccc(CN3CCN(C)CC3)cc2)cc1Nc1nccc(-c2cccnc2)n1";"Kd";"'>'";"10000.0";"nM";"";"";"";"UO_0000065";"";"";"";"";"True";"CHEMBL1044652";"Binding constant for DAPK1 kinase domain";"B";"BAO_0000357";"single protein format";"Homo sapiens";"None";"None";"None";"None";"";"";"";"CHEMBL2558";"Death-associated protein kinase 1";"Homo sapiens";"SINGLE PROTEIN";"CHEMBL1150977";"1";"Scientific Literature";"Nat. Biotechnol.";"2008";"None";""
"CHEMBL1908391";"MASITINIB";"3";"498.66";"1";"5.26";"AB-1010";"Cc1ccc(NC(=O)c2ccc(CN3CCN(C)CC3)cc2)cc1Nc1nc(-c2cccnc2)cs1";"Kd";"'>'";"10000.0";"nM";"";"";"";"UO_0000065";"";"";"";"";"False";"CHEMBL1908668";"Binding constant for DAPK1 kinase domain";"B";"BAO_0000357";"single protein format";"None";"None";"None";"None";"None";"";"";"";"CHEMBL2558";"Death-associated protein kinase 1";"Homo sapiens";"SINGLE PROTEIN";"CHEMBL1908390";"1";"Scientific Literature";"Nat. Biotechnol.";"2011";"None";""
"CHEMBL1421";"DASATINIB";"4";"488.02";"0";"3.31";"Dasatinib";"Cc1nc(Nc2ncc(C(=O)Nc3c(C)cccc3Cl)s2)cc(N2CCN(CCO)CC2)n1";"Kd";"'>'";"10000.0";"nM";"";"";"";"UO_0000065";"";"";"";"";"True";"CHEMBL1044652";"Binding constant for DAPK1 kinase domain";"B";"BAO_0000357";"single protein format";"Homo sapiens";"None";"None";"None";"None";"";"";"";"CHEMBL2558";"Death-associated protein kinase 1";"Homo sapiens";"SINGLE PROTEIN";"CHEMBL1150977";"1";"Scientific Literature";"Nat. Biotechnol.";"2008";"None";""
"CHEMBL445813";"AT-7519";"2";"382.25";"0";"2.45";"AT-7519";"O=C(NC1CCNCC1)c1n[nH]cc1NC(=O)c1c(Cl)cccc1Cl";"Kd";"'>'";"10000.0";"nM";"";"";"";"UO_0000065";"";"";"";"";"False";"CHEMBL1908668";"Binding constant for DAPK1 kinase domain";"B";"BAO_0000357";"single protein format";"None";"None";"None";"None";"None";"";"";"";"CHEMBL2558";"Death-associated protein kinase 1";"Homo sapiens";"SINGLE PROTEIN";"CHEMBL1908390";"1";"Scientific Literature";"Nat. Biotechnol.";"2011";"None";""
"CHEMBL221959";"TOFACITINIB";"4";"312.38";"0";"1.54";"CP-690550";"C[C@@H]1CCN(C(=O)CC#N)C[C@@H]1N(C)c1ncnc2[nH]ccc12";"Kd";"'>'";"10000.0";"nM";"";"";"";"UO_0000065";"";"";"";"";"True";"CHEMBL1044652";"Binding constant for DAPK1 kinase domain";"B";"BAO_0000357";"single protein format";"Homo sapiens";"None";"None";"None";"None";"";"";"";"CHEMBL2558";"Death-associated protein kinase 1";"Homo sapiens";"SINGLE PROTEIN";"CHEMBL1150977";"1";"Scientific Literature";"Nat. Biotechnol.";"2008";"None";""
"CHEMBL31965";"CANERTINIB";"3";"485.95";"0";"4.39";"CI-1033";"C=CC(=O)Nc1cc2c(Nc3ccc(F)c(Cl)c3)ncnc2cc1OCCCN1CCOCC1";"Kd";"'>'";"10000.0";"nM";"";"";"";"UO_0000065";"";"";"";"";"True";"CHEMBL1044652";"Binding constant for DAPK1 kinase domain";"B";"BAO_0000357";"single protein format";"Homo sapiens";"None";"None";"None";"None";"";"";"";"CHEMBL2558";"Death-associated protein kinase 1";"Homo sapiens";"SINGLE PROTEIN";"CHEMBL1150977";"1";"Scientific Literature";"Nat. Biotechnol.";"2008";"None";""
"CHEMBL259084";"MLN-8054";"1";"476.87";"1";"5.87";"MLN-8054";"O=C(O)c1ccc(Nc2ncc3c(n2)-c2ccc(Cl)cc2C(c2c(F)cccc2F)=NC3)cc1";"Kd";"'>'";"10000.0";"nM";"";"";"";"UO_0000065";"";"";"";"";"True";"CHEMBL1044652";"Binding constant for DAPK1 kinase domain";"B";"BAO_0000357";"single protein format";"Homo sapiens";"None";"None";"None";"None";"";"";"";"CHEMBL2558";"Death-associated protein kinase 1";"Homo sapiens";"SINGLE PROTEIN";"CHEMBL1150977";"1";"Scientific Literature";"Nat. Biotechnol.";"2008";"None";""
"CHEMBL24828";"VANDETANIB";"4";"475.36";"1";"5.00";"ZD-6474";"COc1cc2c(Nc3ccc(Br)cc3F)ncnc2cc1OCC1CCN(C)CC1";"Kd";"'>'";"10000.0";"nM";"";"";"";"UO_0000065";"";"";"";"";"True";"CHEMBL1044652";"Binding constant for DAPK1 kinase domain";"B";"BAO_0000357";"single protein format";"Homo sapiens";"None";"None";"None";"None";"";"";"";"CHEMBL2558";"Death-associated protein kinase 1";"Homo sapiens";"SINGLE PROTEIN";"CHEMBL1150977";"1";"Scientific Literature";"Nat. Biotechnol.";"2008";"None";""
"CHEMBL1421";"DASATINIB";"4";"488.02";"0";"3.31";"Dasatinib";"Cc1nc(Nc2ncc(C(=O)Nc3c(C)cccc3Cl)s2)cc(N2CCN(CCO)CC2)n1";"Kd";"'>'";"10000.0";"nM";"";"";"";"UO_0000065";"";"";"";"";"False";"CHEMBL1908668";"Binding constant for DAPK1 kinase domain";"B";"BAO_0000357";"single protein format";"None";"None";"None";"None";"None";"";"";"";"CHEMBL2558";"Death-associated protein kinase 1";"Homo sapiens";"SINGLE PROTEIN";"CHEMBL1908390";"1";"Scientific Literature";"Nat. Biotechnol.";"2011";"None";""
"CHEMBL1173655";"AFATINIB";"4";"485.95";"0";"4.39";"BIBW-2992";"CN(C)C/C=C/C(=O)Nc1cc2c(Nc3ccc(F)c(Cl)c3)ncnc2cc1O[C@H]1CCOC1";"Kd";"'>'";"10000.0";"nM";"";"";"";"UO_0000065";"";"";"";"";"False";"CHEMBL1908668";"Binding constant for DAPK1 kinase domain";"B";"BAO_0000357";"single protein format";"None";"None";"None";"None";"None";"";"";"";"CHEMBL2558";"Death-associated protein kinase 1";"Homo sapiens";"SINGLE PROTEIN";"CHEMBL1908390";"1";"Scientific Literature";"Nat. Biotechnol.";"2011";"None";""
"CHEMBL278041";"SB-202190";"0";"331.35";"0";"4.65";"K00037";"Oc1ccc(-c2nc(-c3ccc(F)cc3)c(-c3ccncc3)[nH]2)cc1";"Kd";"'>'";"10000.0";"nM";"";"";"";"UO_0000065";"";"";"";"";"False";"CHEMBL1044652";"Binding constant for DAPK1 kinase domain";"B";"BAO_0000357";"single protein format";"Homo sapiens";"None";"None";"None";"None";"";"";"";"CHEMBL2558";"Death-associated protein kinase 1";"Homo sapiens";"SINGLE PROTEIN";"CHEMBL1150977";"1";"Scientific Literature";"Nat. Biotechnol.";"2008";"None";""
"CHEMBL603469";"LESTAURTINIB";"3";"439.47";"0";"3.47";"CEP-701";"C[C@]12O[C@H](C[C@]1(O)CO)n1c3ccccc3c3c4c(c5c6ccccc6n2c5c31)CNC4=O";"Kd";"'='";"80.0";"nM";"7.10";"";"";"UO_0000065";"16.15";"0.29";"3.63";"8.01";"False";"CHEMBL1908668";"Binding constant for DAPK1 kinase domain";"B";"BAO_0000357";"single protein format";"None";"None";"None";"None";"None";"";"";"";"CHEMBL2558";"Death-associated protein kinase 1";"Homo sapiens";"SINGLE PROTEIN";"CHEMBL1908390";"1";"Scientific Literature";"Nat. Biotechnol.";"2011";"None";""
"CHEMBL221959";"TOFACITINIB";"4";"312.38";"0";"1.54";"CP-690550";"C[C@@H]1CCN(C(=O)CC#N)C[C@@H]1N(C)c1ncnc2[nH]ccc12";"Kd";"'>'";"10000.0";"nM";"";"";"";"UO_0000065";"";"";"";"";"False";"CHEMBL1908668";"Binding constant for DAPK1 kinase domain";"B";"BAO_0000357";"single protein format";"None";"None";"None";"None";"None";"";"";"";"CHEMBL2558";"Death-associated protein kinase 1";"Homo sapiens";"SINGLE PROTEIN";"CHEMBL1908390";"1";"Scientific Literature";"Nat. Biotechnol.";"2011";"None";""
"CHEMBL105442";"CI-1040";"2";"478.66";"1";"5.04";"CI-1040";"O=C(NOCC1CC1)c1ccc(F)c(F)c1Nc1ccc(I)cc1Cl";"Kd";"'>'";"10000.0";"nM";"";"";"";"UO_0000065";"";"";"";"";"False";"CHEMBL1908668";"Binding constant for DAPK1 kinase domain";"B";"BAO_0000357";"single protein format";"None";"None";"None";"None";"None";"";"";"";"CHEMBL2558";"Death-associated protein kinase 1";"Homo sapiens";"SINGLE PROTEIN";"CHEMBL1908390";"1";"Scientific Literature";"Nat. Biotechnol.";"2011";"None";""
"CHEMBL249697";"BMS-345541";"0";"255.32";"0";"1.87";"BMS-345541";"Cc1ccc2nc(NCCN)c3ncc(C)n3c2c1";"Kd";"'>'";"10000.0";"nM";"";"";"";"UO_0000065";"";"";"";"";"False";"CHEMBL1908668";"Binding constant for DAPK1 kinase domain";"B";"BAO_0000357";"single protein format";"None";"None";"None";"None";"None";"";"";"";"CHEMBL2558";"Death-associated protein kinase 1";"Homo sapiens";"SINGLE PROTEIN";"CHEMBL1908390";"1";"Scientific Literature";"Nat. Biotechnol.";"2011";"None";""
"CHEMBL1908394";"GSK-461364";"1";"543.62";"2";"5.09";"GSK-461364A";"C[C@@H](Oc1cc(-n2cnc3ccc(CN4CCN(C)CC4)cc32)sc1C(N)=O)c1ccccc1C(F)(F)F";"Kd";"'='";"1400.0";"nM";"5.85";"";"";"UO_0000065";"10.77";"0.21";"0.76";"7.64";"False";"CHEMBL1908668";"Binding constant for DAPK1 kinase domain";"B";"BAO_0000357";"single protein format";"None";"None";"None";"None";"None";"";"";"";"CHEMBL2558";"Death-associated protein kinase 1";"Homo sapiens";"SINGLE PROTEIN";"CHEMBL1908390";"1";"Scientific Literature";"Nat. Biotechnol.";"2011";"None";""
"CHEMBL124660";"TANDUTINIB";"2";"562.72";"2";"5.03";"MLN-518";"COc1cc2c(N3CCN(C(=O)Nc4ccc(OC(C)C)cc4)CC3)ncnc2cc1OCCCN1CCCCC1";"Kd";"'>'";"10000.0";"nM";"";"";"";"UO_0000065";"";"";"";"";"True";"CHEMBL1244785";"Binding affinity to DAPK1";"B";"BAO_0000357";"single protein format";"None";"None";"None";"None";"None";"";"";"";"CHEMBL2558";"Death-associated protein kinase 1";"Homo sapiens";"SINGLE PROTEIN";"CHEMBL1240346";"1";"Scientific Literature";"Blood";"2009";"None";""
"CHEMBL384304";"RG-547";"2";"441.46";"0";"1.41";"R547";"COc1ccc(F)c(F)c1C(=O)c1cnc(NC2CCN(S(C)(=O)=O)CC2)nc1N";"Kd";"'>'";"10000.0";"nM";"";"";"";"UO_0000065";"";"";"";"";"False";"CHEMBL1908668";"Binding constant for DAPK1 kinase domain";"B";"BAO_0000357";"single protein format";"None";"None";"None";"None";"None";"";"";"";"CHEMBL2558";"Death-associated protein kinase 1";"Homo sapiens";"SINGLE PROTEIN";"CHEMBL1908390";"1";"Scientific Literature";"Nat. Biotechnol.";"2011";"None";""
"CHEMBL2425628";"";"0";"555.70";"1";"3.19";"24f";"CS(=O)(=O)CCCOc1cccc2c1ccn2-c1ccnc(N[C@H]2CC[C@H](C(=O)N3CCC(O)CC3)CC2)n1";"Kd";"'='";"380.0";"nM";"6.42";"";"";"UO_0000065";"11.55";"0.22";"3.23";"5.07";"False";"CHEMBL2429323";"Binding affinity to DAPK1 (unknown origin)";"B";"BAO_0000357";"single protein format";"Homo sapiens";"None";"None";"None";"None";"";"";"";"CHEMBL2558";"Death-associated protein kinase 1";"Homo sapiens";"SINGLE PROTEIN";"CHEMBL2424622";"1";"Scientific Literature";"Bioorg. Med. Chem. Lett.";"2013";"None";""
"CHEMBL572878";"TOZASERTIB";"2";"464.60";"0";"3.50";"VX-680";"Cc1cc(Nc2cc(N3CCN(C)CC3)nc(Sc3ccc(NC(=O)C4CC4)cc3)n2)n[nH]1";"Kd";"'>'";"10000.0";"nM";"";"";"";"UO_0000065";"";"";"";"";"True";"CHEMBL1044652";"Binding constant for DAPK1 kinase domain";"B";"BAO_0000357";"single protein format";"Homo sapiens";"None";"None";"None";"None";"";"";"";"CHEMBL2558";"Death-associated protein kinase 1";"Homo sapiens";"SINGLE PROTEIN";"CHEMBL1150977";"1";"Scientific Literature";"Nat. Biotechnol.";"2008";"None";""
"CHEMBL1908395";"";"0";"497.04";"0";"3.76";"JNJ-28312141";"CN(C)CC(=O)N1CCC(c2ccc(NC(=O)c3nc(C#N)c[nH]3)c(C3=CCCCC3)c2)CC1.Cl";"Kd";"'='";"5000.0";"nM";"5.30";"";"";"UO_0000065";"11.51";"0.21";"1.54";"5.04";"False";"CHEMBL1908668";"Binding constant for DAPK1 kinase domain";"B";"BAO_0000357";"single protein format";"None";"None";"None";"None";"None";"";"";"";"CHEMBL2558";"Death-associated protein kinase 1";"Homo sapiens";"SINGLE PROTEIN";"CHEMBL1908390";"1";"Scientific Literature";"Nat. Biotechnol.";"2011";"None";""
"CHEMBL24828";"VANDETANIB";"4";"475.36";"1";"5.00";"Vandetanib";"COc1cc2c(Nc3ccc(Br)cc3F)ncnc2cc1OCC1CCN(C)CC1";"Kd";"'>'";"10000.0";"nM";"";"";"";"UO_0000065";"";"";"";"";"False";"CHEMBL1908668";"Binding constant for DAPK1 kinase domain";"B";"BAO_0000357";"single protein format";"None";"None";"None";"None";"None";"";"";"";"CHEMBL2558";"Death-associated protein kinase 1";"Homo sapiens";"SINGLE PROTEIN";"CHEMBL1908390";"1";"Scientific Literature";"Nat. Biotechnol.";"2011";"None";""
"CHEMBL1241674";"";"0";"308.35";"0";"2.84";"PP-242";"CC(C)n1nc(-c2cc3cc(O)ccc3[nH]2)c2c(N)ncnc21";"Kd";"'='";"97.0";"nM";"7.01";"";"";"UO_0000065";"22.74";"0.42";"4.17";"6.64";"False";"CHEMBL1908668";"Binding constant for DAPK1 kinase domain";"B";"BAO_0000357";"single protein format";"None";"None";"None";"None";"None";"";"";"";"CHEMBL2558";"Death-associated protein kinase 1";"Homo sapiens";"SINGLE PROTEIN";"CHEMBL1908390";"1";"Scientific Literature";"Nat. Biotechnol.";"2011";"None";""
"CHEMBL502835";"NINTEDANIB";"4";"539.64";"1";"3.62";"BIBF-1120";"COC(=O)c1ccc2c(c1)NC(=O)/C2=C(\Nc1ccc(N(C)C(=O)CN2CCN(C)CC2)cc1)c1ccccc1";"Kd";"'>'";"10000.0";"nM";"";"";"";"UO_0000065";"";"";"";"";"False";"CHEMBL1908668";"Binding constant for DAPK1 kinase domain";"B";"BAO_0000357";"single protein format";"None";"None";"None";"None";"None";"";"";"";"CHEMBL2558";"Death-associated protein kinase 1";"Homo sapiens";"SINGLE PROTEIN";"CHEMBL1908390";"1";"Scientific Literature";"Nat. Biotechnol.";"2011";"None";""
"CHEMBL1236107";"SGX-523";"1";"359.42";"0";"3.22";"SGX-523";"Cn1cc(-c2ccc3nnc(Sc4ccc5ncccc5c4)n3n2)cn1";"Kd";"'>'";"10000.0";"nM";"";"";"";"UO_0000065";"";"";"";"";"False";"CHEMBL1908668";"Binding constant for DAPK1 kinase domain";"B";"BAO_0000357";"single protein format";"None";"None";"None";"None";"None";"";"";"";"CHEMBL2558";"Death-associated protein kinase 1";"Homo sapiens";"SINGLE PROTEIN";"CHEMBL1908390";"1";"Scientific Literature";"Nat. Biotechnol.";"2011";"None";""
"CHEMBL428690";"ALVOCIDIB";"3";"401.85";"0";"3.30";"Flavopiridol";"CN1CC[C@H](c2c(O)cc(O)c3c(=O)cc(-c4ccccc4Cl)oc23)[C@H](O)C1";"Kd";"'>'";"10000.0";"nM";"";"";"";"UO_0000065";"";"";"";"";"False";"CHEMBL1908668";"Binding constant for DAPK1 kinase domain";"B";"BAO_0000357";"single protein format";"None";"None";"None";"None";"None";"";"";"";"CHEMBL2558";"Death-associated protein kinase 1";"Homo sapiens";"SINGLE PROTEIN";"CHEMBL1908390";"1";"Scientific Literature";"Nat. Biotechnol.";"2011";"None";""
"CHEMBL91829";"RUBOXISTAURIN";"3";"468.56";"0";"3.51";"LY-333531";"CN(C)C[C@@H]1CCn2cc(c3ccccc32)C2=C(C(=O)NC2=O)c2cn(c3ccccc23)CCO1";"Kd";"'='";"970.0";"nM";"6.01";"";"";"UO_0000065";"12.83";"0.23";"2.50";"8.78";"False";"CHEMBL1908668";"Binding constant for DAPK1 kinase domain";"B";"BAO_0000357";"single protein format";"None";"None";"None";"None";"None";"";"";"";"CHEMBL2558";"Death-associated protein kinase 1";"Homo sapiens";"SINGLE PROTEIN";"CHEMBL1908390";"1";"Scientific Literature";"Nat. Biotechnol.";"2011";"None";""
"CHEMBL1721885";"SU-014813";"2";"442.49";"0";"1.69";"SU-14813";"Cc1[nH]c(/C=C2\C(=O)Nc3ccc(F)cc32)c(C)c1C(=O)NC[C@H](O)CN1CCOCC1";"Kd";"'='";"270.0";"nM";"6.57";"";"";"UO_0000065";"14.84";"0.28";"4.88";"6.16";"False";"CHEMBL1908668";"Binding constant for DAPK1 kinase domain";"B";"BAO_0000357";"single protein format";"None";"None";"None";"None";"None";"";"";"";"CHEMBL2558";"Death-associated protein kinase 1";"Homo sapiens";"SINGLE PROTEIN";"CHEMBL1908390";"1";"Scientific Literature";"Nat. Biotechnol.";"2011";"None";""
"CHEMBL4060481";"";"0";"332.44";"0";"4.32";"2";"Nc1c(-c2n[nH]c(=S)o2)sc2ncc(-c3ccsc3)cc12";"Kd";"'='";"54.0";"nM";"7.27";"";"";"UO_0000065";"21.86";"0.47";"2.95";"9.00";"False";"CHEMBL4014561";"Binding affinity to DAPK1 (unknown origin)";"B";"BAO_0000357";"single protein format";"Homo sapiens";"None";"None";"None";"None";"";"";"";"CHEMBL2558";"Death-associated protein kinase 1";"Homo sapiens";"SINGLE PROTEIN";"CHEMBL4014275";"1";"Scientific Literature";"Eur J Med Chem";"2017";"None";""
"CHEMBL1336";"SORAFENIB";"4";"464.83";"1";"5.55";"Sorafenib";"CNC(=O)c1cc(Oc2ccc(NC(=O)Nc3ccc(Cl)c(C(F)(F)F)c3)cc2)ccn1";"Kd";"'>'";"10000.0";"nM";"";"";"";"UO_0000065";"";"";"";"";"False";"CHEMBL1908668";"Binding constant for DAPK1 kinase domain";"B";"BAO_0000357";"single protein format";"None";"None";"None";"None";"None";"";"";"";"CHEMBL2558";"Death-associated protein kinase 1";"Homo sapiens";"SINGLE PROTEIN";"CHEMBL1908390";"1";"Scientific Literature";"Nat. Biotechnol.";"2011";"None";""
